ppid,age,gender,height
test,0,,0
P_190927122800,85,Male,1.544028
P_190927124542,66,Male,0.9672837
P_190927124731,23,Male,1.077055
